{
  "issues": [],
  "recommendations": [],
  "status": "pass",
  "summary": {
    "amp_enabled": false,
    "batch_size": 8,
    "best_val_loss": 1.9109,
    "corr_complexity_abs_c_val": 0.24426482617855072,
    "corr_complexity_abs_c_val_valid": true,
    "corr_complexity_jac_val": 0.1816984862089157,
    "corr_complexity_jac_val_valid": true,
    "curvature_collapse_penalty": 0.0,
    "curvature_max_fraction": 0.0,
    "curvature_mean_to_min_ratio": 15.915517807006836,
    "curvature_min_fraction": 0.0,
    "curvature_spread_penalty": 0.0,
    "curvature_total_aux_loss": 0.006835945416241884,
    "cycle_id": "manual",
    "effective_batch_size": 8,
    "final_val_acc": 0.9688,
    "final_val_loss": 1.9109,
    "git_commit": "ee94a0492545115b5704647090e2c7b0245294c7",
    "gpu_mem_peak_mb": null,
    "gpu_name": "NVIDIA GeForce RTX 3090",
    "jac_complexity": 0.022825,
    "jac_frob_mean": 3.2436695098876953,
    "jac_frob_std": 0.5324113965034485,
    "jac_reg": 2.649696,
    "log_path": "logs/cycle_short_manual_20260516_192355.log",
    "output_dir": "outputs/cycle_short_manual_20260516_192355",
    "pred_abs_c_max": 0.9094458222389221,
    "pred_abs_c_mean": 0.7957758903503418,
    "pred_abs_c_min": 0.7188725471496582,
    "pred_abs_c_std": 0.053170233964920044,
    "target_abs_c_mean": 0.8341885209083557,
    "target_abs_c_std": 0.3755866587162018
  }
}
