{
  "epoch7_path": "reports/final/rte_epoch7_task_ablation_comparison_glue_rte_e7_a10_isolated_n054.hpc_20260517_222501_20260517_231604.json",
  "trend_path": "reports/final/rte_epoch3_to_epoch7_trend_glue_rte_e7_a10_isolated_n054.hpc_20260517_222501_20260517_231604.json",
  "label_path": "reports/final/rte_label_distribution_20260517_231640.json",
  "val_majority": 0.5270758122743683,
  "best_acc_experiment": "bert_no_jacobian_reg",
  "best_loss_experiment": "bert_no_aux_all",
  "main_gain_majority": 0.03612418772563175,
  "no_all_gain_majority": -0.054175812274368296,
  "main_vs_no_aux_all_val_acc": 0.09030000000000005,
  "no_jacobian_vs_main_jac_frob_ratio": 0.004966974355386322,
  "rows_epoch7": [
    {
      "experiment": "main",
      "epoch": 7,
      "train_acc": 0.8305,
      "val_acc": 0.5632,
      "val_loss": 0.6947,
      "curvature_min_fraction": 0.0,
      "curvature_max_fraction": 0.0,
      "curvature_collapse_penalty": 0.0,
      "pred_abs_c_mean": 1.30933678150177,
      "pred_abs_c_std": 0.3623508810997009,
      "corr_complexity_abs_c_val": 0.8268134593963623,
      "corr_complexity_jac_val": 0.6105324029922485,
      "jac_frob_mean": 1499.56201171875,
      "jac_frob_std": 1448.9794921875,
      "jac_effective_rank_mean": 39.104122161865234,
      "output_dir": "outputs_task_isolated/glue_rte_e7_a10_isolated_n054.hpc_20260517_222501/main",
      "log_path": "logs_task_isolated/glue_rte_e7_a10_isolated_n054.hpc_20260517_222501/main.log",
      "diagnostics_path": "outputs_task_isolated/glue_rte_e7_a10_isolated_n054.hpc_20260517_222501/main/diagnostics_epoch_7.json",
      "diagnostics_exists": true
    },
    {
      "experiment": "bert_no_jacobian_reg",
      "epoch": 7,
      "train_acc": 0.792,
      "val_acc": 0.6065,
      "val_loss": 0.7572,
      "curvature_min_fraction": 0.0,
      "curvature_max_fraction": 0.0,
      "curvature_collapse_penalty": 0.0,
      "pred_abs_c_mean": 1.1784971952438354,
      "pred_abs_c_std": 0.33975088596343994,
      "corr_complexity_abs_c_val": 0.7241071462631226,
      "corr_complexity_jac_val": 0.17111827433109283,
      "jac_frob_mean": 7.448286056518555,
      "jac_frob_std": 15.50164794921875,
      "jac_effective_rank_mean": 58.80983352661133,
      "output_dir": "outputs_task_isolated/glue_rte_e7_a10_isolated_n054.hpc_20260517_222501/bert_no_jacobian_reg",
      "log_path": "logs_task_isolated/glue_rte_e7_a10_isolated_n054.hpc_20260517_222501/bert_no_jacobian_reg.log",
      "diagnostics_path": "outputs_task_isolated/glue_rte_e7_a10_isolated_n054.hpc_20260517_222501/bert_no_jacobian_reg/diagnostics_epoch_7.json",
      "diagnostics_exists": true
    },
    {
      "experiment": "bert_no_curvature_aux",
      "epoch": 7,
      "train_acc": 0.4928,
      "val_acc": 0.5271,
      "val_loss": 0.6931,
      "curvature_min_fraction": 0.0,
      "curvature_max_fraction": 0.0,
      "curvature_collapse_penalty": 0.0,
      "pred_abs_c_mean": 1.9393264055252075,
      "pred_abs_c_std": 0.04957826808094978,
      "corr_complexity_abs_c_val": 0.7980067729949951,
      "corr_complexity_jac_val": -0.44952937960624695,
      "jac_frob_mean": 522060.8125,
      "jac_frob_std": 382081.84375,
      "jac_effective_rank_mean": 43.49436950683594,
      "output_dir": "outputs_task_isolated/glue_rte_e7_a10_isolated_n054.hpc_20260517_222501/bert_no_curvature_aux",
      "log_path": "logs_task_isolated/glue_rte_e7_a10_isolated_n054.hpc_20260517_222501/bert_no_curvature_aux.log",
      "diagnostics_path": "outputs_task_isolated/glue_rte_e7_a10_isolated_n054.hpc_20260517_222501/bert_no_curvature_aux/diagnostics_epoch_7.json",
      "diagnostics_exists": true
    },
    {
      "experiment": "bert_no_aux_all",
      "epoch": 7,
      "train_acc": 0.5687,
      "val_acc": 0.4729,
      "val_loss": 0.6926,
      "curvature_min_fraction": 0.0,
      "curvature_max_fraction": 0.0,
      "curvature_collapse_penalty": 0.0,
      "pred_abs_c_mean": 1.0197256803512573,
      "pred_abs_c_std": 0.12791135907173157,
      "corr_complexity_abs_c_val": 0.22770054638385773,
      "corr_complexity_jac_val": 0.1652808040380478,
      "jac_frob_mean": 19.1771183013916,
      "jac_frob_std": 5.720626354217529,
      "jac_effective_rank_mean": 53.844417572021484,
      "output_dir": "outputs_task_isolated/glue_rte_e7_a10_isolated_n054.hpc_20260517_222501/bert_no_aux_all",
      "log_path": "logs_task_isolated/glue_rte_e7_a10_isolated_n054.hpc_20260517_222501/bert_no_aux_all.log",
      "diagnostics_path": "outputs_task_isolated/glue_rte_e7_a10_isolated_n054.hpc_20260517_222501/bert_no_aux_all/diagnostics_epoch_7.json",
      "diagnostics_exists": true
    }
  ],
  "trend_rows": [
    {
      "experiment": "main",
      "epoch_a": 3,
      "epoch_b": 7,
      "train_acc_e3": 0.5052,
      "train_acc_e7": 0.8305,
      "train_acc_delta": 0.32530000000000003,
      "val_acc_e3": 0.4874,
      "val_acc_e7": 0.5632,
      "val_acc_delta": 0.07580000000000003,
      "val_loss_e3": 0.6923,
      "val_loss_e7": 0.6947,
      "val_loss_delta": 0.0023999999999999577,
      "curvature_min_fraction_e3": 0.0,
      "curvature_min_fraction_e7": 0.0,
      "curvature_min_fraction_delta": 0.0,
      "curvature_collapse_penalty_e3": 0.0,
      "curvature_collapse_penalty_e7": 0.0,
      "curvature_collapse_penalty_delta": 0.0,
      "pred_abs_c_mean_e3": 1.701744556427002,
      "pred_abs_c_mean_e7": 1.30933678150177,
      "pred_abs_c_mean_delta": -0.39240777492523193,
      "corr_complexity_abs_c_val_e3": 0.8275214433670044,
      "corr_complexity_abs_c_val_e7": 0.8268134593963623,
      "corr_complexity_abs_c_val_delta": -0.0007079839706420898,
      "corr_complexity_jac_val_e3": 0.7950747609138489,
      "corr_complexity_jac_val_e7": 0.6105324029922485,
      "corr_complexity_jac_val_delta": -0.18454235792160034,
      "jac_frob_mean_e3": 104713.6328125,
      "jac_frob_mean_e7": 1499.56201171875,
      "jac_frob_mean_delta": -103214.07080078125
    },
    {
      "experiment": "bert_no_jacobian_reg",
      "epoch_a": 3,
      "epoch_b": 7,
      "train_acc_e3": 0.5631,
      "train_acc_e7": 0.792,
      "train_acc_delta": 0.2289,
      "val_acc_e3": 0.5126,
      "val_acc_e7": 0.6065,
      "val_acc_delta": 0.0939000000000001,
      "val_loss_e3": 0.6925,
      "val_loss_e7": 0.7572,
      "val_loss_delta": 0.06469999999999998,
      "curvature_min_fraction_e3": 0.0,
      "curvature_min_fraction_e7": 0.0,
      "curvature_min_fraction_delta": 0.0,
      "curvature_collapse_penalty_e3": 0.0,
      "curvature_collapse_penalty_e7": 0.0,
      "curvature_collapse_penalty_delta": 0.0,
      "pred_abs_c_mean_e3": 1.2838126420974731,
      "pred_abs_c_mean_e7": 1.1784971952438354,
      "pred_abs_c_mean_delta": -0.1053154468536377,
      "corr_complexity_abs_c_val_e3": 0.7851799726486206,
      "corr_complexity_abs_c_val_e7": 0.7241071462631226,
      "corr_complexity_abs_c_val_delta": -0.06107282638549805,
      "corr_complexity_jac_val_e3": -0.3420636057853699,
      "corr_complexity_jac_val_e7": 0.17111827433109283,
      "corr_complexity_jac_val_delta": 0.5131818801164627,
      "jac_frob_mean_e3": 12.91277027130127,
      "jac_frob_mean_e7": 7.448286056518555,
      "jac_frob_mean_delta": -5.464484214782715
    },
    {
      "experiment": "bert_no_curvature_aux",
      "epoch_a": 3,
      "epoch_b": 7,
      "train_acc_e3": 0.4984,
      "train_acc_e7": 0.4928,
      "train_acc_delta": -0.005599999999999994,
      "val_acc_e3": 0.4729,
      "val_acc_e7": 0.5271,
      "val_acc_delta": 0.054200000000000026,
      "val_loss_e3": 0.6932,
      "val_loss_e7": 0.6931,
      "val_loss_delta": -9.999999999998899e-05,
      "curvature_min_fraction_e3": 0.0,
      "curvature_min_fraction_e7": 0.0,
      "curvature_min_fraction_delta": 0.0,
      "curvature_collapse_penalty_e3": 0.0,
      "curvature_collapse_penalty_e7": 0.0,
      "curvature_collapse_penalty_delta": 0.0,
      "pred_abs_c_mean_e3": 1.7086480855941772,